MapID,Area Name,Persons 3 years and over enrolled in nursery school,Persons 3 years and over enrolled in kindergarten,Persons 3 years and over enrolled in grade 1-grade 4,Persons 3 years and over enrolled in grade 5-grade 8,Persons 3 years and over enrolled in grade 9-grade 12,Persons 3 years and over enrolled in college,Persons 3 years and over graduate or professional school,Persons 3 years and over not enrolled in school,"Families with income < $10,000","Families with income between $10,000-$14,999","Families with income between $15,000-$19,999","Families with income between $20,000-$24,999","Families with income between $25,000-$29,999","Families with income between $30,000-$34,999","Families with income between $35,000-$39,999","Families with income between $40,000-$44,999","Families with income between $45,000-$49,999","Families with income between $50,000-$59,999","Families with income between $60,000-$74,999","Families with income between $75,000-$99,999","Families with income between $100,000-$124,999","Families with income between $125,000-$149,999","Families with income between $150,000-$199,999",Number of persons 25+ yrs in 7th grade,Number of persons 25+ yrs in 8th grade,Number of persons 25+ yrs in 9th grade,Number of persons 25+ yrs in 10th grade,Number of persons 25+ yrs in 11th grade,"Number of persons 25+ yrs in 12th grade, no diploma",Number of persons 25+ yrs with regular high school diploma,Number of persons 25+ yrs with GED or alternative credential,"Number of persons 25+ yrs with some college, less than 1 year","Number of persons 25+ yrs with some college, 1 or more years, no degre",Number of persons 25+ yrs with associate's degree,Number of persons 25+ yrs with bachelor's degree,Number of persons 25+ yrs with master's degree,Number of persons 25+ yrs with professional school degree,Number of persons 25+ yrs with doctorate degree,"Workers 16+ years in management, business, science,arts occupations",Workers 16 years and over in service occupations,Workers 16 years and over in sales and office occupations,"Workers 16+ years in natural resources, construction, maint occupation","Workers 16 years and over in production, transport, material moving",Workers 16 years and over in armed forces
,Bronx,23947,21609,83849,79880,86161,94052,17080,985787,35225,23720,24197,19963,19090,18272,17132,15640,12432,25333,28574,32035,21641,11592,12574,10699,28803,28468,32616,37929,30605,209088,46978,37204,125066,65180,115670,47967,9418,6494,144182,191400,136325,40948,63849,159
,Brooklyn,49790,40067,131438,124569,128495,145577,42479,1855843,37298,30105,29687,30995,27212,27772,26197,23474,20755,37999,53557,66113,50276,33268,39957,12881,31716,38079,33024,38759,62721,388785,71553,56189,186789,111304,380135,186559,43830,18766,485728,272960,256264,73350,101034,454
,Manhattan,24643,13280,51177,47922,47889,94299,55373,1268070,17678,12635,12512,11104,10969,10774,9864,8283,7893,14666,18642,25910,21573,18517,27586,6398,17393,17398,18172,19884,22627,130399,26208,27337,96615,48338,397987,230186,92348,43628,535353,122447,177849,19562,33537,100
,Queens,33816,26914,103015,100419,104892,141411,38083,1705271,21011,15489,19301,22165,22352,22849,22038,22826,19417,39790,52794,72045,54644,38138,44517,10020,29904,35243,27038,25214,52512,396827,64401,61810,181528,133147,325374,142222,30052,15658,370186,271987,258934,90356,118481,389
,Staten Island,6861,5614,23058,23802,25107,27643,6847,340693,6557,2713,3358,3474,2943,3665,3417,3477,3257,6977,10806,16176,15131,11924,15676,1286,3320,3720,4558,5641,7617,88581,14430,17444,39802,25724,62620,32433,7490,2942,84915,40431,48783,18262,16813,83
,New York City,139057,107484,392537,376592,392544,502982,159862,6155664,117769,84662,89055,87701,82566,83332,78648,73700,63754,124765,164373,212279,163265,113439,140310,41284,111136,122908,115408,127427,176082,1213680,223570,199984,629800,383693,1281786,639367,183138,87488,1620364,899225,878155,242478,333714,1185
401,Airport,0,0,0,0,0,0,0,0,0,0,0,0,0,0,0,0,0,0,0,0,0,0,0,0,0,0,0,0,0,0,0,0,0,0,0,0,0,0,0,0,0,0,0,0
101,Allerton-Pelham Gardens,311,431,1286,1646,1904,1719,587,23457,261,91,209,374,306,254,305,155,215,656,698,1013,811,582,724,157,616,495,326,439,761,4970,999,1020,2889,2031,3351,1882,316,412,4639,3449,3565,1152,1197,0
501,Annadale-Huguenot-Prince's Bay-Eltingville,507,290,1095,1202,1453,1399,452,21433,191,86,142,119,125,175,209,235,215,354,744,1057,1108,889,1290,93,204,74,298,240,297,5906,804,1392,2441,1388,4406,2125,498,216,6303,1926,3081,1432,755,0
502,Arden Heights,529,254,1239,1490,1068,1585,282,19402,132,128,91,109,68,337,376,290,138,508,813,727,956,710,1183,84,95,83,258,299,273,5045,914,867,2857,1507,3833,1862,197,91,5409,1929,2955,955,1016,0
402,Astoria,617,388,2129,1971,1973,3965,2502,61764,730,574,694,774,857,828,661,651,747,969,1262,2242,1468,1146,1210,285,1032,583,791,723,1665,10898,1273,1554,5049,4206,19473,7928,1317,1068,21990,8592,8696,2444,3039,0
403,Auburndale,254,272,763,814,733,1054,288,15984,129,108,183,88,162,146,204,292,88,437,465,697,663,437,659,42,143,506,252,161,184,3794,279,589,1837,1514,3323,1654,210,245,3953,1803,2586,856,785,0
404,Baisley Park,557,426,2218,2184,2095,2812,428,28079,293,198,182,222,290,327,466,378,308,700,1147,1505,922,766,668,211,338,385,584,691,1253,7455,2242,1189,4920,2238,3105,1158,90,76,4386,4936,4976,1898,2335,12
201,Bath Beach,509,397,1440,1578,1676,1544,446,23900,229,204,386,591,346,377,517,282,215,444,656,1120,983,540,557,146,626,679,358,370,828,5308,627,796,1829,1650,5133,2076,410,229,5072,2883,3179,1548,1629,0
301,Battery Park City-Lower Manhattan,860,458,1506,984,793,2877,902,35588,202,71,171,14,70,126,141,40,19,200,235,526,777,682,1230,14,101,77,40,49,138,1358,103,374,1599,792,15670,8647,3725,1099,22967,1331,5406,330,182,0
202,Bay Ridge,1375,925,3491,2965,2765,3825,1839,59329,817,594,674,702,762,683,549,673,492,957,1746,2124,1922,1859,1856,298,852,636,694,837,1491,9605,1705,2185,5745,3911,16053,8354,2373,1296,19327,6386,8423,1905,2731,72
405,Bayside-Bayside Hills,525,457,1687,2127,2163,2433,802,34060,322,187,232,240,296,386,381,391,340,653,1078,1574,1551,763,1337,118,470,378,301,171,943,7005,670,1197,3733,2901,8452,4506,800,564,10044,3625,5555,1415,1410,12
203,Bedford,2394,1598,5333,4445,4027,3802,1157,49948,1389,1034,1238,889,958,598,826,458,502,1075,1235,1044,936,708,909,289,1033,704,961,1738,1860,10154,2124,1425,5397,2303,9869,4474,809,472,13872,6948,8347,1152,2596,10
102,Bedford Park-Fordham North,1076,611,3363,3519,3212,3211,593,39084,1645,1064,943,798,924,825,765,514,486,1127,1286,1357,632,266,229,561,1535,1376,1254,1455,1469,8644,1401,1433,4785,2576,3536,1359,91,73,4254,8605,5494,1889,3479,23
406,Bellerose,327,422,1317,1069,1307,2094,519,19815,243,110,117,49,123,114,216,191,134,449,495,914,922,557,1060,54,270,436,175,232,556,4993,783,584,2177,1382,4036,2494,315,153,5068,2320,3058,964,1755,0
103,Belmont,425,584,1954,1471,1885,5132,419,16534,1019,354,704,282,330,481,426,458,199,455,308,315,209,141,0,163,470,463,936,570,336,3179,940,631,2183,692,1535,483,188,163,1852,3840,2677,1193,965,15
204,Bensonhurst East,784,1052,2965,2578,2996,3413,1095,48387,868,788,952,859,766,907,817,733,532,1070,1710,1917,1573,811,1172,257,1031,1292,880,749,1689,12057,1198,1417,3157,3360,9785,3598,697,303,9636,6660,6626,2772,3669,28
205,Bensonhurst West,1437,1159,4291,3551,3970,5278,1264,68160,902,1008,1123,1461,1246,1103,1330,879,980,1557,2042,2858,1788,1152,1689,530,1691,2033,1349,974,2873,15912,1833,1814,5116,4741,13008,4285,721,258,12256,10964,9584,4279,4773,8
206,Borough Park,3031,3505,9021,8320,7979,4769,1050,58991,1150,1780,1791,1742,1572,1412,1134,1189,841,1122,1563,1990,1465,866,993,427,1676,1419,894,904,4991,17272,2208,1740,4605,2259,6029,3265,798,255,11614,6593,11014,2420,2765,0
407,Breezy Point-Belle Harbor-Rockaway Park-Bro,543,167,972,1131,1648,1305,446,20576,197,86,83,24,123,151,198,129,145,364,439,1015,751,630,1038,109,105,138,289,327,636,4051,690,1134,2889,1386,4677,2685,600,269,5407,2033,2527,1216,767,0
408,Briarwood-Jamaica Hills,681,618,1774,1544,1936,2788,962,31696,298,191,432,529,330,530,307,469,281,864,864,1211,1090,730,736,236,554,604,776,399,771,4485,2008,1427,3550,2459,7060,3396,672,247,7620,4283,5637,1601,2233,0
207,Brighton Beach,429,399,1629,1518,1437,1753,472,27115,363,738,494,608,549,388,322,319,271,785,771,723,490,458,654,212,509,154,279,267,612,5880,620,395,2167,2518,6909,3191,993,347,5133,3843,2379,1226,1649,8
104,Bronxdale,600,449,1992,1686,1992,2241,444,26834,1116,563,639,438,396,538,609,564,326,712,856,1109,465,403,326,275,787,800,890,801,787,5662,1549,1146,3467,2148,2997,1365,167,128,3932,4116,4116,1548,1639,0
208,Brooklyn Heights-Cobble Hill,494,281,543,472,400,1701,1193,17971,23,26,120,53,8,60,116,77,8,16,153,310,388,370,750,0,15,28,45,24,68,1427,199,313,905,474,6596,4658,2685,802,10512,694,1958,205,125,0
209,Brownsville,1177,832,2707,3786,3755,3435,315,38939,2084,1174,970,884,648,637,672,559,537,829,841,848,600,229,90,329,812,835,1345,2223,1995,8988,3935,2662,4679,2999,2829,900,180,25,3647,6750,4438,1080,1711,0
210,Bushwick North,1025,746,2704,3239,3055,3444,940,42739,1074,747,967,775,523,534,568,562,468,896,992,1008,797,497,412,406,733,1332,933,1455,2474,6912,1409,1018,4085,1738,7822,2308,337,81,10121,7580,5919,3304,3636,0
211,Bushwick South,1169,810,3728,3227,3465,4700,1166,54620,1629,1189,891,832,657,765,651,660,756,1003,1334,1527,854,553,464,539,1055,1561,1773,2038,1719,10061,2723,1598,6058,2800,9878,2589,292,150,12023,9876,8248,2671,3435,0
409,Cambria Heights,237,156,718,890,1101,1437,293,15276,54,43,24,65,156,100,156,90,116,330,533,781,634,554,641,64,77,151,83,224,345,3279,662,733,2672,1494,3105,1664,183,113,3520,2533,2460,496,1092,19
212,Canarsie,1619,1114,4112,5020,4866,7443,1315,60545,1045,631,788,742,664,743,893,873,715,1379,2387,3653,2654,1499,1817,343,539,708,925,1270,1842,13622,3940,2284,9120,6123,10591,4523,713,302,14360,11825,9244,2854,4228,47
213,Carroll Gardens-Columbia Street-Red Hook,1266,672,1888,1537,1580,1063,856,32431,678,334,251,320,222,237,272,330,133,198,744,730,710,707,1489,248,321,439,445,521,689,3054,823,893,1991,773,10210,6982,2531,847,16050,2004,3681,515,626,0
302,Central Harlem North-Polo Grounds,1975,938,3870,4165,3842,4927,1409,62063,1828,1263,1442,968,1222,679,796,904,670,1344,1697,1431,1052,808,673,265,991,1411,1633,2373,1690,10820,3442,2043,7781,4110,11084,6212,1318,694,14452,9891,9012,1539,2864,0
303,Central Harlem South,845,804,2146,1776,2004,2256,1318,38496,905,525,287,249,317,525,612,314,231,720,626,975,815,511,975,190,386,888,689,1120,1040,6132,1341,875,3901,1927,8867,5777,1397,853,13213,5239,5055,623,1522,0
503,Charleston-Richmond Valley-Tottenville,273,270,1485,1457,1778,1223,308,16649,43,138,146,162,118,105,185,88,117,288,494,911,658,730,943,14,32,226,127,243,292,4219,481,795,1750,1588,3651,1787,296,40,4878,1231,2717,909,972,0
304,Chinatown,552,357,1292,1179,1309,1988,659,37564,617,960,1039,681,664,632,443,247,444,671,483,930,501,188,442,531,1225,1588,775,572,1780,6211,873,518,2129,1172,8319,2659,806,203,9060,4957,4311,581,1779,0
105,Claremont-Bathgate,869,627,2685,2725,2751,1911,294,21766,1574,935,604,781,671,458,317,422,216,461,542,433,113,39,75,240,655,689,1120,1200,585,4213,1244,745,3118,1393,1559,466,75,41,1677,5071,2144,480,1327,0
305,Clinton,244,128,454,491,390,2480,1886,40478,134,198,230,175,202,244,142,73,138,308,407,567,322,673,739,32,216,202,159,314,726,3358,317,1205,2659,1740,16033,8143,2909,978,22324,3150,5777,700,813,0
214,Clinton Hill,756,442,1596,1450,1098,3121,969,27751,195,347,97,137,191,232,180,297,144,481,528,1001,743,576,708,51,347,310,168,208,527,3374,526,892,2899,1434,9231,4954,1289,463,12675,2834,4199,588,915,0
106,Co-Op City,522,530,2743,1868,2175,3214,669,35639,402,297,137,302,823,568,729,566,438,1154,1499,1713,1220,572,692,70,1181,747,385,697,833,7993,1955,2276,5044,3153,5719,2865,398,67,6827,5605,5370,1197,1062,0
410,College Point,253,197,1021,1332,1196,1391,193,18810,204,143,149,383,194,358,222,257,332,578,694,775,634,366,297,65,320,1201,196,255,548,5609,360,790,1837,1644,2322,791,151,60,2603,2852,3148,1275,1408,0
411,Corona,878,935,3357,3393,3352,3285,354,41301,753,520,695,744,1013,776,839,747,671,1306,1171,1571,1036,392,290,320,1429,891,1189,788,981,10827,1118,1126,3923,2760,4925,1349,284,66,3978,9761,5166,3652,3994,0
107,Crotona Park East,549,408,1536,1198,1142,1225,155,14752,922,643,523,231,310,288,312,177,200,262,348,259,200,121,114,343,634,487,531,899,410,2759,781,427,1923,678,1841,272,50,24,1790,2838,1796,892,840,0
215,Crown Heights North,2077,1254,4693,4632,5233,6346,2161,79675,2740,1498,1382,1348,1097,1163,859,1196,826,1689,1889,2223,1609,1202,1109,783,1330,1072,1949,2496,2875,17642,3194,2476,9571,4827,15496,7356,1531,439,20703,13612,11580,2455,3791,36
216,Crown Heights South,786,488,1880,1967,1941,2997,856,28372,383,494,504,361,314,497,449,550,538,1044,951,1064,700,337,349,67,369,328,333,438,1018,6396,1023,952,4960,1483,5818,2829,628,201,7295,5160,4451,738,1405,0
217,Cypress Hills-City Line,1045,602,2517,2835,2840,3278,400,33337,1047,380,537,552,668,519,482,571,475,1085,1369,1495,694,570,411,233,984,1051,754,909,605,11385,1965,663,3542,1896,2864,909,136,84,3775,6103,5058,2374,3246,7
218,DUMBO-Vinegar Hill-Downtown Brooklyn-Boerum,1079,428,1708,1373,1394,1699,1078,33429,466,434,469,441,364,209,192,121,249,405,435,729,684,648,914,208,248,462,656,656,755,3539,928,800,2210,1258,10609,6303,2488,715,15494,2658,3966,450,781,0
412,Douglas Manor-Douglaston-Little Neck,455,263,960,993,876,1099,376,19884,210,19,168,137,318,152,194,74,109,429,577,849,876,734,939,58,240,54,55,188,368,3854,319,700,2336,1745,4984,2874,889,464,6096,1614,2898,588,633,0
219,Dyker Heights,823,592,1810,1865,2391,2314,836,32640,454,418,615,620,554,487,555,342,361,761,1050,1159,1108,710,722,206,791,1616,697,362,1737,8041,825,1013,2148,1945,5805,2391,486,201,6539,4885,4532,1471,2613,9
108,East Concourse-Concourse Village,881,1078,4153,3883,4769,4000,847,43304,1883,954,1170,1042,1380,610,813,671,684,1168,1091,1364,596,252,184,659,1529,1431,1143,1616,1735,8908,1960,1326,5862,2305,4641,1365,237,128,4965,9735,5080,1059,3459,0
413,East Elmhurst,339,327,1014,1071,1096,1432,265,15210,210,104,180,191,212,160,214,238,233,215,547,601,336,321,224,62,851,219,227,307,541,5463,355,323,1428,950,1630,542,81,19,1830,2725,1877,1243,1377,0
220,East Flatbush-Farragut,694,735,2900,2158,3074,3692,858,37305,589,308,520,552,640,560,694,568,525,994,1531,2060,1458,912,597,303,743,282,416,518,1128,11127,1909,1124,6272,2956,5611,2727,333,215,7321,7944,5148,1815,2314,26
414,East Flushing,224,220,1011,962,977,1969,476,19944,270,341,317,375,344,440,360,376,312,366,528,741,541,370,376,86,243,1559,153,170,415,4979,411,496,1957,2231,2925,1186,277,154,3265,3378,2653,936,1557,7
306,East Harlem North,968,960,3004,3795,3812,3671,1026,43475,2265,900,1113,1009,833,863,778,796,475,669,1207,907,537,221,358,381,810,1377,1404,2183,1499,8585,2227,962,4875,1974,6444,3145,918,235,7727,6856,6528,810,2044,0
307,East Harlem South,965,524,2180,2741,2683,4157,2356,43570,1216,909,894,619,769,657,645,654,527,983,870,1360,740,336,416,321,505,1190,1236,1607,1412,7102,1664,1075,4786,2678,9613,3828,1844,1153,12199,5277,5871,823,1660,0
221,East New York,1814,1963,6028,5424,5439,5675,674,65462,3050,1161,1312,1282,951,1204,1531,951,738,1410,1879,2377,1674,811,935,464,1195,1148,1324,2107,1654,21589,4541,2373,7180,4035,6597,2007,173,210,9076,12330,8653,2867,4180,12
222,East New York (Pennsylvania Ave),502,423,1923,1949,1678,2110,328,19458,902,425,393,354,268,337,237,342,298,402,811,773,401,276,313,87,446,362,439,801,697,4988,1841,1142,2110,1618,1629,522,38,85,2288,4144,2150,1038,1051,0
109,East Tremont,590,879,2681,3044,3436,2541,221,29513,1488,983,1305,1064,586,694,564,464,334,805,524,748,387,80,76,404,1092,1472,1590,1956,935,5115,1770,853,4073,1545,2463,572,129,126,2611,6045,3669,840,1996,0
308,East Village,209,97,437,371,510,6606,1690,31996,204,194,177,214,221,202,103,210,239,241,420,531,367,376,543,96,86,202,233,238,357,2436,494,543,2369,1299,14673,6050,1532,1022,17512,2955,4705,291,569,0
223,East Williamsburg,406,295,936,544,1070,1980,763,29423,530,475,433,398,373,333,318,246,194,355,535,855,599,501,470,186,562,407,353,530,780,4826,766,908,2417,1207,9006,2842,444,237,10586,4010,4123,630,1119,0
110,Eastchester-Edenwald-Baychester,580,437,1667,1765,2552,3215,598,25258,450,345,320,238,631,243,485,439,235,566,1008,1101,937,465,668,186,347,462,368,854,788,6088,1004,941,3481,2427,3669,1792,93,109,4799,4984,3759,1274,1351,0
415,Elmhurst,1006,1302,3561,3241,3203,4646,1210,62745,725,709,917,1061,1090,1118,1208,923,795,1939,1810,2197,1593,714,672,388,2317,1275,1314,661,2080,16660,1797,1690,5180,3570,11101,3201,594,321,9228,14107,8139,3174,5554,0
416,Elmhurst-Maspeth,275,153,1091,1047,1267,1437,550,19187,122,261,207,174,187,192,315,336,212,592,667,746,488,190,502,49,453,404,234,243,831,5415,281,538,1596,1206,4083,1302,259,207,3642,3391,3141,933,1922,0
224,Erasmus,663,502,1556,1588,1619,1948,558,19797,499,255,236,259,303,530,518,259,227,367,740,908,530,330,294,135,207,306,369,256,796,6320,868,422,2859,1404,3228,1155,257,75,3915,4865,2592,827,784,0
417,Far Rockaway-Bayswater,1507,1032,3843,2619,3055,2852,744,35894,933,428,508,381,521,419,429,344,612,1177,1460,1325,981,596,663,422,532,763,1087,1298,2298,6741,1547,1321,3996,2475,4938,2515,587,334,7072,6408,3866,1343,2030,31
225,Flatbush,1408,1975,6062,5342,5673,7164,1899,75037,1197,1120,1061,1278,1446,1351,1024,948,961,1964,2739,3184,2212,927,1397,539,1287,1246,1285,1150,2755,17167,2440,2049,7873,4657,14975,7871,1310,682,18404,13952,9852,3340,4871,0
226,Flatlands,1115,1100,3931,3806,4417,5888,1049,50813,558,363,480,516,493,678,704,650,695,1194,1929,2739,2312,1466,1675,334,693,366,582,747,1489,12021,2904,1837,7698,4334,9788,4768,743,280,12633,8023,7797,2447,2717,24
418,Flushing,731,752,2838,2267,2262,4419,847,55021,1423,1004,1289,1348,1525,1063,1051,1049,555,1212,1568,1581,828,609,795,230,815,5627,519,179,1481,14851,939,1050,4423,6779,7491,2921,767,378,7650,10630,8097,1833,3530,39
111,Fordham South,491,553,1922,1849,1927,1536,125,18441,1183,571,787,460,230,389,273,514,203,264,349,611,187,64,87,257,596,697,836,951,595,3455,1040,489,2157,1212,1265,351,97,45,1660,4874,2223,516,1148,0
419,Forest Hills,1537,958,3827,3259,2228,3561,2522,66736,583,614,555,571,608,442,575,563,510,971,1720,3127,2680,1785,2788,300,517,127,430,220,1290,9553,1228,1971,5760,5125,21180,12072,3845,2289,25082,5698,9396,1506,2559,11
227,Fort Greene,536,292,1268,1024,1309,1490,524,23917,449,189,408,288,365,142,285,274,273,282,482,665,479,330,426,130,416,471,556,616,563,3038,640,593,2399,940,5906,3772,1117,434,8763,2388,2901,416,961,0
420,Fresh Meadows-Utopia,230,218,626,636,737,1384,381,13529,186,120,104,108,176,158,203,120,119,261,659,696,423,349,578,28,115,227,119,139,220,2426,242,660,1363,910,3658,2026,446,242,3490,1411,2629,281,763,0
421,Ft. Totten-Bay Terrace-Clearview,319,169,784,653,641,1219,285,17246,158,162,163,84,224,70,94,120,194,369,477,951,717,445,990,9,137,147,49,93,337,3075,393,593,1880,1524,4771,2691,671,346,5234,1245,2519,764,451,0
228,Georgetown-Marine Park-Bergen Beach-Mill Ba,873,821,2167,2893,2600,2084,806,34219,162,206,239,155,330,401,423,398,326,717,988,1832,1789,1169,1587,79,390,177,412,281,581,7961,1492,1316,3900,2573,7406,4261,906,347,9736,3485,5135,1612,1800,0
422,Glen Oaks-Floral Park-New Hyde Park,197,181,967,566,768,1033,471,19180,50,50,104,149,144,96,108,255,112,224,539,828,709,783,810,102,238,184,250,161,245,4674,367,749,1916,1606,4374,2208,972,156,4814,1251,3066,704,913,0
423,Glendale,339,481,1431,1766,1770,1876,369,26285,241,168,175,222,191,287,329,366,182,628,1108,1557,1273,684,717,145,462,326,422,455,646,8021,1130,2545,2178,1584,3987,1778,314,34,5216,4436,4070,1807,1957,25
309,Gramercy,200,82,228,348,178,3654,677,21672,30,0,52,46,80,0,49,36,35,60,195,233,309,337,550,36,9,5,8,0,130,1217,204,307,1275,695,8546,4987,2834,423,12935,1212,3271,326,252,0
504,Grasmere-Arrochar-Ft. Wadsworth,223,180,1024,690,1064,765,264,11400,148,156,107,134,203,120,195,75,206,207,369,673,593,207,453,39,192,148,163,159,222,2524,439,449,1137,758,2570,1314,199,146,3049,1362,1323,612,609,48
229,Gravesend,684,501,1276,1113,1718,1705,472,22249,458,352,589,455,418,390,290,401,249,414,795,879,499,586,475,102,498,649,578,571,665,5106,663,733,1925,1687,3989,2259,364,147,4357,2484,3062,1052,1499,0
505,Great Kills,592,446,1878,1976,2327,2414,577,31279,179,200,300,318,253,283,391,162,214,619,954,1677,2162,1085,1893,67,203,85,344,250,701,8986,1265,1852,3719,2594,6003,3331,653,194,8238,3418,5242,1303,1792,7
230,Greenpoint,286,186,779,686,660,1448,920,28419,294,161,254,259,165,197,180,87,238,406,431,966,708,523,571,218,229,312,174,392,419,4354,682,1096,2512,1203,10033,4804,826,284,12899,2803,3374,1353,847,0
506,Grymes Hill-Clifton-Fox Hills,360,237,1252,801,1137,2315,384,14201,517,156,198,168,66,319,138,120,168,340,369,452,440,437,471,105,57,377,62,326,392,3328,563,693,1409,1131,2630,1299,510,213,3571,2169,2027,570,587,0
310,Hamilton Heights,487,599,2118,2040,2205,2783,1833,40733,800,531,465,513,842,642,375,366,313,716,984,623,644,533,668,510,758,972,1561,1885,873,7169,1336,866,3997,1782,7813,4192,863,665,10208,8689,6453,1698,2030,0
424,Hammels-Arverne-Edgemere,1250,570,2925,2692,2128,2274,411,26544,1065,567,359,669,512,428,545,439,405,663,674,1060,713,425,521,137,492,685,678,1036,1489,5711,1361,944,4050,1791,3599,1399,231,51,4403,4368,2862,1486,1519,24
112,Highbridge,598,529,3120,2834,2817,3060,290,25648,1049,924,1126,705,556,509,394,590,583,801,476,620,419,127,88,224,1072,956,1038,1363,805,4960,1458,1078,3372,1702,2687,484,140,100,2721,5787,3865,771,2348,0
425,Hollis,432,230,919,1050,1047,1536,301,15381,120,130,233,157,103,147,169,216,137,273,513,721,538,389,513,133,170,251,232,123,391,3784,1115,409,2488,1444,2275,884,125,98,2918,3196,2438,1081,1211,0
231,Homecrest,906,931,2514,2385,2359,1993,709,30072,440,476,382,624,426,703,492,414,431,700,880,1290,1311,490,786,118,307,431,317,426,798,7159,745,991,2588,1942,6552,3441,644,282,7157,3194,4966,873,1871,0
311,Hudson Yards-Chelsea-Flat Iron-Union Square,1008,502,1619,1341,1263,4073,1949,63505,666,288,245,284,280,319,129,210,184,417,517,1206,662,830,1644,87,61,468,422,377,678,4294,802,1157,3963,1798,25816,14476,4988,2307,34782,4179,10418,340,792,0
426,Hunters Point-Sunnyside-West Maspeth,627,647,2127,1776,1921,3013,1396,53519,315,357,472,462,382,756,617,567,484,964,1420,1775,1076,1013,1446,156,854,594,1001,575,1596,9958,1205,1247,3590,3963,15620,7044,1974,678,19270,8127,7384,2362,3642,0
113,Hunts Point,504,333,1800,1858,1951,1663,204,17617,1129,446,556,497,413,458,341,392,142,335,315,372,161,70,39,329,676,519,723,850,515,3304,914,529,1972,1188,1286,299,33,23,1376,3430,1885,752,1183,0
427,Jackson Heights,1364,999,4066,4378,4775,6071,1420,77115,830,649,1037,1053,1412,1552,1094,1173,869,1914,2717,2922,1794,1326,1506,794,1223,1260,1371,1435,2889,21607,2307,2059,6397,5921,12758,5651,938,609,13873,15050,10942,3919,6375,0
428,Jamaica,904,804,3005,2799,2440,3424,845,39661,511,554,642,773,781,544,622,916,609,1242,1112,1345,761,465,604,469,991,1108,1007,828,1425,7314,3495,1009,4017,2575,6224,1899,320,195,5315,7863,5582,2688,3816,0
429,Jamaica Estates-Holliswood,395,430,1084,1154,1234,2025,661,19056,84,50,82,288,246,234,276,142,257,439,468,779,534,382,698,83,374,248,197,187,609,3359,856,781,1829,1561,4948,2254,811,420,5351,2329,3340,562,966,0
232,Kensington-Ocean Parkway,766,790,2031,2098,2092,1971,618,25198,286,328,475,670,478,425,397,330,300,567,641,954,803,466,587,145,258,386,501,364,669,4547,574,866,2220,1609,5933,3308,539,496,6653,3206,3097,1188,1712,0
430,Kew Gardens,357,386,1042,1030,1103,1194,546,17619,189,199,150,171,192,361,136,191,89,365,709,660,575,409,498,28,133,73,158,153,426,3057,348,661,1997,1732,4531,2564,743,385,5717,1661,2705,585,1195,0
431,Kew Gardens Hills,933,451,1910,1610,1680,2967,1070,25664,254,276,235,437,442,345,210,353,457,650,896,1252,971,906,899,19,513,455,255,217,418,5550,550,635,2652,2215,6214,3274,761,541,7622,2959,3865,659,1297,17
114,Kingsbridge Heights,499,545,1759,1553,1896,1662,297,23202,587,611,541,456,559,440,481,465,275,761,627,830,254,178,137,240,854,500,614,941,985,5163,844,498,2975,1529,2576,595,206,70,2386,5502,3238,1019,2365,0
432,Laurelton,439,291,1231,1342,1543,1698,331,19762,96,60,158,143,201,181,104,212,110,454,595,1030,861,751,757,63,115,145,124,343,467,4720,855,935,3738,2090,3290,1757,185,124,4212,3676,2996,891,1325,8
312,Lenox Hill-Roosevelt Island,2137,542,2598,1634,1878,1577,2264,65662,282,49,206,195,102,197,175,134,205,398,879,1636,1290,1317,1887,6,110,261,273,97,349,4216,278,1245,4232,2054,25040,15650,7318,3632,35544,2620,9538,578,780,54
313,Lincoln Square,1123,646,1755,1716,922,2549,1884,48495,302,144,350,204,66,24,121,30,31,258,317,1086,716,780,1522,38,65,273,283,74,208,2597,463,848,2554,1172,15481,15128,6650,3067,25486,1602,7200,43,646,0
433,Lindenwood-Howard Beach,410,320,1094,1252,1158,1342,458,22194,397,179,367,90,146,345,350,263,250,515,602,1143,922,721,794,0,346,397,365,388,682,6070,747,1007,2835,2104,3683,1788,308,19,4592,1837,3615,1066,1637,46
115,Longwood,407,593,1794,2220,1739,1501,248,19109,939,570,497,473,358,428,364,340,224,538,525,544,147,88,75,307,444,943,840,1131,691,3963,761,715,2305,1067,1615,456,15,10,1885,3654,2786,645,1124,7
314,Lower East Side,916,434,2306,2503,3042,3400,1134,56030,1599,1718,924,1347,811,888,743,661,694,957,1032,892,840,551,595,605,1479,2185,1810,1265,1405,10443,1748,1436,4717,2556,12069,4063,1212,676,12567,6923,6529,939,1700,0
233,Madison,613,593,1866,1703,1861,2495,817,29986,310,358,411,475,341,421,340,374,368,722,1076,1291,1168,698,980,255,512,316,293,323,677,6156,1314,908,2775,1894,7203,3442,841,415,7647,3767,4219,1250,1468,0
315,Manhattanville,411,223,971,1039,1355,1743,1116,16322,660,247,125,334,499,326,337,416,101,365,170,339,266,178,141,254,339,558,520,568,360,2738,790,488,1823,863,2724,1550,173,235,3829,3471,2489,403,744,0
316,Marble Hill-Inwood,643,510,2660,2523,2458,2909,1114,38829,717,597,720,839,769,591,603,437,442,708,1202,1390,707,513,492,608,1487,472,1101,1235,1271,6534,1589,1384,4620,2045,6741,3190,596,524,8410,7915,4991,1274,2540,0
507,Mariner's Harbor-Arlington-Port Ivory-Grani,444,444,1998,1897,2132,2024,324,20901,1277,338,142,333,132,219,162,151,175,487,843,1306,620,774,632,126,210,301,415,667,795,4289,1375,1146,2720,1592,3248,1429,200,151,4323,3304,2428,1171,1298,0
434,Maspeth,550,354,1319,1361,1626,1661,433,22648,220,184,106,340,231,188,265,249,151,527,844,1097,971,554,805,98,425,245,293,331,483,6786,781,810,2577,1962,4164,1427,240,115,4721,3242,3538,2216,1571,0
116,Melrose South-Mott Haven North,805,700,3640,2645,2850,2733,331,27040,1534,1061,663,629,816,690,602,444,355,717,628,762,340,112,144,381,905,1212,1166,1343,893,5600,1226,1070,2892,1876,2131,621,193,155,2805,5506,3818,1040,1979,0
435,Middle Village,533,472,1837,1567,1621,1994,555,30095,229,139,107,340,229,406,291,326,250,581,867,1388,1446,954,1377,190,471,156,271,472,834,8123,915,1518,3193,2346,6224,3029,499,241,7699,3496,4702,1463,1612,19
317,Midtown-Midtown South,201,64,602,147,302,2678,1158,22059,108,61,50,7,30,44,44,41,41,96,104,273,395,452,481,81,103,125,121,75,70,1313,322,386,1078,505,8571,5998,2027,878,12264,1156,3212,310,250,0
234,Midwood,1154,1018,3215,3074,3073,3171,1185,35494,497,639,514,722,718,577,374,463,403,777,1246,1320,1092,721,845,140,452,488,765,339,856,6597,781,1070,3093,2522,8164,5183,1174,436,9480,3985,4532,1179,1933,45
318,Morningside Heights,440,320,1392,1674,1146,10358,6921,29695,417,383,268,215,310,399,443,134,217,383,630,583,532,489,713,94,294,258,411,354,357,3735,607,669,2222,1429,8989,7600,2240,3085,14103,2476,3656,413,815,0
117,Morrisania-Melrose,1035,717,2150,2251,3181,2379,354,26864,1035,885,891,901,623,704,571,538,265,747,664,922,406,141,108,278,670,822,1133,1491,730,5694,1464,952,3547,1700,2429,758,121,61,2469,5882,3416,1013,2189,12
118,Mott Haven-Port Morris,952,896,3952,3945,3908,3214,279,34755,2448,1269,1288,1043,622,659,734,694,521,739,630,777,272,239,235,749,1166,1385,1945,2050,869,7127,1527,1308,3717,1668,2231,468,119,34,3346,6988,4268,1213,2482,0
119,Mount Hope,787,760,3266,3014,4189,3352,288,35909,1345,1362,1069,832,631,828,814,785,408,779,1275,933,358,201,213,642,968,1189,1494,1849,1050,8143,1575,970,4126,1808,3052,1212,436,98,3742,8655,5474,1531,2781,34
436,Murray Hill,533,491,1817,1826,1787,3409,827,40057,681,423,697,721,527,731,588,410,495,884,1074,1695,880,753,760,176,547,2452,359,431,1070,10910,517,1415,4037,4634,5769,2639,752,248,7490,6106,6032,1693,2105,12
319,Murray Hill-Kips Bay,468,273,898,1008,713,2552,2288,38893,186,419,111,64,103,200,5,96,241,339,199,467,500,601,1189,205,350,453,249,147,338,2800,350,640,2668,1149,16215,7873,3692,1028,21713,1772,5850,344,194,0
508,New Brighton-Silver Lake,258,257,664,1019,846,1055,298,12498,290,81,46,99,142,136,147,92,181,235,383,317,447,447,636,77,143,143,183,147,169,2738,454,571,1456,850,2193,1770,392,225,3095,1584,1470,870,637,0
509,New Dorp-Midland Beach,291,408,978,937,1068,1134,378,15327,214,123,86,126,85,173,126,157,54,290,579,990,606,571,852,39,105,99,223,390,319,4635,602,682,2060,1000,2948,1258,302,111,3894,1773,2050,976,803,0
510,New Springville-Bloomfield-Travis,566,390,2233,2369,2311,2334,767,29676,435,177,230,269,152,294,284,418,355,694,1109,1186,1408,1126,1407,45,410,277,381,361,876,8272,1072,1316,3594,2208,5614,2944,580,174,7772,3242,4265,1614,1502,2
437,North Corona,1230,1018,3552,2829,2487,2300,344,38262,456,498,507,776,845,538,525,697,413,921,927,1089,641,412,245,575,1219,750,698,715,1293,10515,891,826,2347,1387,1939,614,107,46,2572,10228,4313,5221,3953,0
120,North Riverdale-Fieldston-Riverdale,758,211,945,971,823,2791,525,19439,161,37,113,89,157,93,213,84,155,324,492,797,785,564,698,14,192,98,195,86,329,2811,270,717,2139,924,4620,3974,1473,1083,7210,1566,2316,414,481,0
235,North Side-South Side,1194,534,2021,1743,1673,2045,1107,43378,462,531,313,597,443,486,646,431,399,640,904,867,756,888,902,265,851,503,647,745,780,5091,961,996,3992,1204,16145,6322,1609,500,20337,4178,6611,550,1249,0
121,Norwood,962,517,2522,2437,2337,2559,636,28406,1012,741,1257,518,863,778,547,313,330,749,817,538,413,292,251,269,1081,829,767,788,980,6847,1342,1132,3065,1457,3844,897,547,160,4287,6190,3809,1395,1591,0
438,Oakland Gardens,417,190,1295,1230,1360,1312,506,21656,210,212,133,237,222,263,270,295,251,396,955,838,1073,517,902,93,199,247,162,62,473,4489,375,698,2333,2031,5214,3020,772,279,5976,2134,3543,951,1189,0
511,Oakwood-Oakwood Beach,199,362,756,1015,923,1210,257,15455,200,108,130,18,236,169,136,203,107,321,390,802,654,729,725,42,168,145,121,183,298,4624,669,959,1712,1241,2618,1591,250,102,3790,1951,2341,819,555,0
236,Ocean Hill,705,405,1960,1942,2187,1934,262,23697,1114,494,354,463,428,498,437,408,329,604,657,823,472,282,207,250,415,573,920,878,559,5997,1322,544,2655,1774,3121,978,132,69,3594,4686,3041,966,1543,0
237,Ocean Parkway South,563,458,1284,1478,1474,1182,391,12981,207,220,182,222,295,168,185,132,206,321,429,460,446,244,379,65,205,169,161,112,352,2606,242,581,1157,826,2881,1655,405,205,3560,1405,2298,434,377,0
439,Old Astoria,453,86,935,1043,1189,1310,749,21082,236,204,414,457,364,320,231,188,366,462,372,401,591,309,296,118,506,358,255,509,699,3775,353,448,1973,1281,6130,2040,564,268,6144,3649,3124,636,993,0
512,Old Town-Dongan Hills-South Beach,347,272,977,1121,1039,1398,389,18570,266,158,193,265,297,252,224,165,71,340,644,735,857,598,583,64,371,234,395,397,415,5097,859,935,1834,1544,3189,1298,346,168,3896,2220,2367,1111,778,0
440,Ozone Park,396,281,1199,1324,1410,1928,324,16924,171,116,286,331,236,198,187,190,264,346,473,898,572,496,546,56,191,256,444,508,676,4085,742,764,2189,1318,2449,967,136,156,3255,2607,2762,1061,1401,4
238,Park Slope-Gowanus,1974,1100,3202,2591,2461,1907,2388,56029,268,235,203,261,273,175,267,297,295,460,694,1512,1711,1225,2783,57,298,384,210,469,654,3377,593,768,3078,1729,20628,14790,5052,2415,33904,3258,5811,736,1336,35
122,Parkchester,209,368,1573,1123,1098,1891,600,22919,265,342,313,240,338,427,321,261,268,784,1212,843,1005,392,290,174,478,338,523,788,788,5202,929,1077,3544,1505,3387,2169,143,32,4519,4307,4212,878,1598,39
123,Pelham Bay-Country Club-City Island,323,219,1224,1149,977,1418,573,20618,239,343,120,204,216,305,83,242,140,295,676,1022,900,584,840,85,307,126,440,395,540,5129,974,912,2600,1618,3307,1957,139,392,5131,2514,3199,1085,861,0
124,Pelham Parkway,303,490,1212,1398,1317,2144,614,20913,433,337,344,287,237,372,237,189,375,540,659,967,690,518,378,172,683,360,322,432,542,4748,912,815,2533,1479,3539,1698,659,547,5158,3411,3101,1026,1273,9
441,Pomonok-Flushing Heights-Hillcrest,741,435,1755,1459,1477,4501,766,24784,684,373,290,364,297,580,331,379,232,730,653,924,770,647,644,136,327,457,74,278,860,5786,1102,830,2645,2588,4867,1930,471,301,5527,3741,4452,1101,1097,0
513,Port Richmond,118,181,1001,887,1158,1376,296,13832,429,77,146,100,226,138,103,104,212,200,486,613,578,383,531,156,92,319,186,274,511,3805,970,915,1666,812,1948,802,146,163,2588,1739,2222,1000,795,0
239,Prospect Heights,458,191,647,558,502,677,601,16525,228,103,39,94,70,98,122,114,108,129,318,353,413,413,762,17,235,82,93,224,448,1477,256,168,1292,557,5421,4276,1210,591,8705,1701,1874,290,224,30
240,Prospect Lefferts Gardens-Wingate,1117,989,2980,3689,2921,3977,1094,49826,887,669,810,789,511,1165,704,653,574,933,2109,1863,1099,702,763,323,840,564,843,1054,1478,12623,2168,1329,7631,3515,8365,4200,857,477,11841,8983,6941,1699,2261,0
442,Queens Village,576,586,2186,2409,2804,4313,960,39884,385,277,312,497,427,436,372,521,522,943,1157,2063,1706,1107,1312,150,749,812,877,576,1070,9231,3019,1807,5907,4678,5889,2424,319,163,7993,6538,7081,2231,2960,0
443,Queensboro Hill,188,237,813,825,1133,1521,293,15700,362,106,292,299,211,173,269,257,110,598,514,550,424,239,277,94,515,1269,154,207,514,4554,349,335,1010,974,2124,882,280,186,2580,2855,2131,684,1079,0
444,Queensbridge-Ravenswood-Long Island City,307,164,1154,840,961,1330,305,14046,382,501,468,360,307,294,254,279,205,223,399,321,160,107,121,112,266,196,281,282,618,3691,814,570,1407,810,2385,737,149,113,2320,2344,2083,514,1150,0
445,Rego Park,295,241,1114,716,841,1190,616,22335,236,118,398,283,252,194,313,295,141,348,639,883,866,658,644,54,183,70,265,185,541,4473,343,1003,1843,1462,6493,3042,740,588,6484,2589,3101,502,1062,0
446,Richmond Hill,665,894,3340,3048,3873,4956,711,47265,670,349,559,685,641,540,618,825,582,1178,1808,2086,1351,817,1006,450,1180,811,1575,708,1751,11126,2595,1603,4674,2914,7108,2503,366,125,7056,8301,7252,4037,4663,0
447,Ridgewood,904,1236,3954,3512,3761,4118,833,53936,946,453,780,663,682,824,776,852,781,1363,1770,2315,1594,1261,851,494,1013,1005,897,912,894,13962,1760,4450,4196,3337,8697,3786,281,229,9716,10544,8384,4524,4623,0
125,Rikers Island,0,0,0,0,0,0,0,7411,0,0,0,0,0,0,0,0,0,0,0,0,0,0,0,50,268,505,744,987,504,817,668,187,428,52,75,44,0,0,0,0,0,0,0,0
448,Rosedale,365,252,1268,1191,1602,2118,436,18995,73,84,55,228,121,193,141,227,124,333,564,1177,990,544,804,109,62,329,155,219,809,4195,1238,1069,3313,1711,3115,1476,221,119,4365,3603,3725,1149,1234,9
514,Rossville-Woodrow,239,232,1120,1111,1057,998,192,16405,100,162,139,338,143,69,113,161,38,315,347,903,988,537,965,20,39,77,96,228,227,4467,479,1350,1729,1379,3034,1605,419,146,4442,1661,2872,988,640,0
241,Rugby-Remsen Village,727,800,2136,2317,3165,4030,608,39777,762,574,500,626,715,617,587,562,745,977,1530,1742,1191,839,694,304,584,281,673,708,1231,10874,2386,1524,5629,3186,6004,2461,235,207,7498,8660,5534,2103,1792,0
126,Schuylerville-Throgs Neck-Edgewater Park,642,684,1971,2022,2168,4269,589,32610,586,330,304,396,264,293,324,171,334,694,1214,1453,1591,999,1029,112,381,642,747,683,993,7939,1624,1549,4160,2972,5039,2625,389,311,7370,4677,5214,1618,2005,0
242,Seagate-Coney Island,735,668,1729,1414,1888,1628,274,21695,708,927,445,629,461,592,318,275,261,384,654,558,516,201,226,260,679,507,587,931,771,4665,894,690,1962,1559,3329,1337,346,76,2515,2717,2278,821,1421,0
243,Sheepshead Bay-Gerritsen Beach-Manhattan Be,775,500,2995,3056,2543,4080,961,50871,763,820,546,820,755,1011,621,521,400,964,1701,2134,1907,1387,1502,228,587,581,926,606,1372,10011,2224,1662,4129,3959,12570,6020,1102,581,12769,5866,6565,2029,2835,17
320,SoHo-TriBeCa-Civic Center-Little Italy,1009,374,1655,1020,943,2709,1259,33168,182,266,335,227,181,48,114,91,122,390,344,683,466,418,696,143,300,217,325,137,439,2104,237,409,1643,783,14017,7459,2554,843,17559,1716,5689,282,509,0
127,Soundview-Bruckner,725,669,2263,2060,2416,1607,300,25301,922,624,730,554,631,619,608,362,298,467,660,575,470,260,259,401,603,897,1117,918,721,4982,1066,816,3154,1581,2147,577,188,16,2327,4938,3621,1701,1481,0
128,Soundview-Castle Hill-Clason Point-Harding,1187,666,2973,3400,3740,3677,564,39346,1423,1054,823,961,597,954,575,683,399,1249,1218,1130,1039,401,605,419,895,1312,1286,1657,1068,8849,1975,2030,5214,3261,4148,1524,163,85,5601,5641,5057,1289,2683,0
449,South Jamaica,638,545,2295,2611,2783,2821,410,29542,454,244,320,482,461,333,488,382,565,837,1023,1284,730,738,477,268,605,457,671,775,1227,5889,4059,1053,3912,2096,3279,1098,141,31,3763,5874,4764,1459,2314,0
450,South Ozone Park,907,1035,3300,4399,4811,6409,1320,60178,643,431,787,611,730,856,743,819,772,1490,1901,2836,2202,1246,1569,482,1365,1161,1298,999,3710,14452,4641,1936,6800,3828,8284,2163,384,139,9697,9773,11444,4489,4690,0
451,Springfield Gardens North,773,319,835,1425,1351,1581,332,19757,109,221,54,241,155,131,217,323,245,689,738,1034,772,634,415,92,221,152,358,610,352,4567,1413,1256,3152,1921,3407,1129,81,68,4082,3354,3068,660,1342,0
452,Springfield Gardens South-Brookville,472,339,1186,1479,1363,1831,335,14735,113,139,18,123,114,142,206,126,102,317,606,992,602,452,640,70,256,244,375,392,376,3475,723,549,2867,941,2428,1060,72,72,2853,2684,2674,753,943,0
129,Spuyten Duyvil-Kingsbridge,592,310,1346,996,1074,1647,954,23307,252,205,198,274,146,185,215,263,329,541,632,788,956,749,834,58,236,218,490,446,357,3414,735,828,2963,1102,5955,3844,1166,864,8391,2941,3003,564,489,0
453,St. Albans,1132,538,2751,2888,2984,3845,788,38205,332,242,282,333,374,348,413,404,346,914,1390,1917,1643,1227,1122,138,406,430,553,720,947,9691,1670,1506,7262,3480,5608,2754,318,137,7498,7845,6530,1838,2455,55
515,Stapleton-Rosebank,317,290,1426,1623,1233,1341,349,19122,486,206,408,310,178,219,130,218,301,403,516,892,519,542,541,98,383,358,410,460,578,4678,965,813,2046,1199,2999,1592,298,87,3931,2987,2454,974,932,26
244,Starrett City,220,88,597,494,585,752,51,9624,210,559,266,264,127,159,101,262,158,304,386,210,164,41,0,92,123,199,331,479,342,2120,950,452,1136,712,1113,484,60,60,1418,1238,1083,154,441,0
454,Steinway,696,421,1482,1358,1347,2947,1418,37391,275,185,166,434,311,537,452,410,405,674,957,1389,1314,984,949,187,641,422,320,315,853,7230,792,1022,3282,2730,11458,5057,1005,396,13361,4139,6240,1406,2101,0
245,Stuyvesant Heights,1558,886,3012,2902,3898,3996,804,48749,1351,903,870,747,768,885,628,506,344,891,1335,1679,1039,778,815,442,594,825,1458,1867,1026,11007,2204,1524,6133,3235,8712,3934,676,338,11667,7633,7020,1409,2488,40
321,Stuyvesant Town-Cooper Village,313,88,493,682,480,1141,1349,17461,139,14,12,0,25,107,13,163,182,290,75,297,607,458,397,0,0,0,45,0,158,823,139,291,1190,614,6752,3969,2006,705,9374,1881,1987,79,190,0
246,Sunset Park East,1063,1253,4273,3401,3602,3104,728,49247,931,1300,1454,1355,1083,771,1025,777,668,1462,1197,1477,694,432,451,752,1317,6137,1204,741,4052,8383,980,677,2467,1562,5143,1888,346,218,5862,12221,6533,2604,3972,0
247,Sunset Park West,829,582,3074,2968,2591,2357,886,41425,715,656,624,1085,666,543,691,537,569,685,1008,1122,952,412,524,877,1096,2966,567,1136,2486,7379,1720,1035,3083,1650,5884,2655,555,308,7183,7611,4994,2719,3738,0
516,Todt Hill-Emerson Hill-Heartland Village-Li,544,295,1291,1446,1505,1910,542,23784,206,118,268,174,121,285,223,336,261,490,618,1043,1264,783,1038,77,204,206,299,260,368,6536,794,1055,2621,1827,4451,2518,1208,293,6160,2200,3751,1060,1227,0
322,Turtle Bay-East Midtown,530,208,892,551,578,1540,1035,43654,165,0,31,116,85,47,192,136,62,230,402,375,838,821,1064,0,21,31,278,64,182,1803,132,1327,2346,813,18785,9007,5574,2173,23869,1393,6659,306,465,32
130,University Heights-Morris Heights,1011,1211,4052,3258,4100,4043,386,36542,1874,1639,1364,946,878,852,672,742,662,818,870,691,315,133,263,451,1477,1252,1569,1484,1327,7883,1701,1409,5037,2610,3220,917,57,118,3639,8374,4716,1529,2570,0
323,Upper East Side-Carnegie Hill,959,373,2841,1999,1850,1144,1362,46110,270,119,113,78,123,89,63,135,82,121,471,799,948,724,1335,14,129,43,142,154,255,1954,246,544,2337,806,17050,13155,6986,2527,22515,1107,5566,300,197,0
324,Upper West Side,2956,1061,4143,4188,3852,3615,5187,104816,1262,701,721,719,788,484,470,388,428,793,939,1784,1975,2005,3703,337,1131,978,538,639,1548,7088,1421,2132,6589,2928,34863,27274,12228,5616,53869,6115,10872,1321,1292,0
131,Van Cortlandt Village,804,1087,2724,2514,2068,3455,763,35751,1057,827,1079,763,464,633,488,415,698,1189,1219,1401,872,449,335,251,1201,846,953,1277,1340,7054,1661,1336,4695,1913,4678,2382,397,319,5535,8534,5271,1298,2238,0
132,Van Nest-Morris Park-Westchester Square,440,411,1858,1757,1734,1644,433,20490,456,255,326,519,293,343,329,391,304,567,600,689,627,252,456,251,511,343,580,568,752,4408,1132,723,2546,1617,2773,1042,335,232,3574,3497,3097,1128,1563,0
325,Washington Heights North,1175,870,2901,2639,2935,4857,2355,54856,1065,655,827,816,602,995,834,636,650,1172,1347,2001,990,792,1045,670,2073,956,1484,1523,2095,6917,1266,1696,5793,2494,12112,6518,1202,1181,14542,8758,7621,1356,3234,0
326,Washington Heights South,975,804,3090,2749,3798,5808,3418,69587,1027,1164,1433,827,806,1032,729,748,569,1418,1603,1895,1396,810,817,799,3911,1594,2023,2410,2625,10553,2432,2302,7285,3937,13124,5056,1131,1133,14347,14349,9814,2714,4413,0
248,West Brighton,148,49,329,309,274,879,94,13984,104,351,270,156,222,132,255,279,187,431,573,577,315,257,241,30,157,22,104,84,144,2456,228,476,1241,1693,3881,2685,395,203,2498,1531,1813,392,535,0
133,West Concourse,671,589,2729,2585,2304,2239,320,25681,1111,896,908,618,772,581,432,346,402,437,871,692,330,82,93,407,1353,896,882,867,662,4973,1209,800,2909,1708,2638,691,68,68,2362,6492,3182,1211,1998,20
134,West Farms-Bronx River,514,376,2451,2028,2038,1660,287,25048,904,624,734,657,642,494,511,488,334,830,474,586,488,161,201,355,894,1021,1137,967,861,5284,1346,798,3175,1365,1713,384,66,60,2172,5340,2940,1502,1852,0
517,West New Brighton-New Brighton-St. George,587,477,1617,1798,1832,1564,442,23230,1169,226,502,273,180,302,227,326,247,560,522,969,641,684,713,63,210,419,504,538,613,5043,1197,783,2717,1641,3961,1897,400,165,4688,3736,2683,1018,1088,0
327,West Village,801,374,1329,1049,889,4510,3131,53972,108,150,43,85,82,213,196,126,73,198,548,686,725,677,1412,11,40,81,35,98,211,2375,494,640,2602,1242,24305,13322,5512,3561,31482,1918,7968,257,514,14
135,Westchester-Unionport,556,493,1358,1293,1701,1649,425,20603,556,341,460,275,458,267,337,204,181,579,703,728,527,336,288,121,532,422,439,607,549,4718,1257,435,2561,1568,2450,944,143,119,2974,3493,3719,786,1452,0
518,Westerleigh,467,329,1024,963,1176,1598,346,17529,275,75,84,159,218,70,48,176,197,326,626,923,632,692,820,77,202,149,93,219,271,4389,528,871,2334,1465,3324,2011,596,257,4888,1999,2535,880,827,0
455,Whitestone,556,518,1155,1662,1586,1932,439,24156,141,140,224,319,185,189,213,239,327,557,834,1142,1102,1031,1040,165,338,282,296,166,667,5734,535,861,2957,1904,5564,2408,501,346,6094,2297,4389,1303,852,26
136,Williamsbridge-Olinville,1198,1092,3343,3787,3657,5360,963,43516,1452,793,792,761,667,641,760,815,513,1333,1633,1590,1396,705,671,380,880,1171,1268,1669,1462,11047,2176,1791,6366,3387,5451,2272,230,83,6664,9212,6670,1944,2758,0
249,Williamsburg,1313,1766,3609,2773,2452,1595,124,16145,676,1021,788,569,494,596,286,234,163,466,578,487,221,105,81,89,501,204,291,784,1600,5574,253,549,1779,449,847,337,148,24,3137,1167,3381,299,824,0
250,Windsor Terrace,716,358,1067,776,769,673,513,16456,155,108,67,114,64,76,128,110,80,277,385,617,630,550,616,23,77,76,207,81,251,1513,207,439,1402,608,5388,4181,875,395,8085,1238,1967,243,525,0
456,Woodhaven,817,606,3335,3029,3662,3715,748,45192,551,386,495,451,532,498,452,601,553,1095,1528,2226,1526,1180,1011,236,824,848,744,781,1469,11430,1891,1897,4791,3345,6677,1814,419,170,7345,8640,7009,2775,3865,13
137,Woodlawn-Wakefield,560,537,1779,2105,2306,2383,873,32453,503,393,324,341,302,365,564,473,382,845,949,1751,1075,574,864,264,618,540,811,806,1032,7961,1589,1401,3950,2302,5979,2283,142,138,7311,5572,4469,1523,2017,0
457,Woodside,525,434,1826,1770,1660,3326,913,33583,257,303,338,428,397,727,570,701,437,868,1287,1324,853,563,473,212,526,433,776,691,1300,9392,950,927,2643,2379,7340,2749,514,190,7094,5297,4684,1458,4180,0
328,Yorkville,1272,667,1791,1570,1751,1728,2693,67510,322,109,128,259,87,201,569,61,478,221,739,1435,1656,1436,1859,70,327,338,116,128,379,3398,728,945,3401,2915,28219,15243,8092,3132,36484,3421,11341,566,514,0
138,park-cemetery-etc-Bronx,11,19,63,23,27,107,32,707,10,11,36,14,0,6,17,6,19,45,26,11,48,0,5,0,16,7,14,48,26,82,0,41,139,61,124,78,9,0,221,135,86,33,25,0
251,park-cemetery-etc-Brooklyn,0,19,15,13,0,22,5,306,0,0,0,0,13,0,5,0,0,4,0,16,17,14,8,0,0,0,0,0,0,47,0,11,18,13,148,49,21,4,136,29,93,8,22,0
329,park-cemetery-etc-Manhattan,1,0,6,0,8,9,0,1811,0,0,0,0,0,0,0,0,0,0,0,0,0,0,0,0,86,195,258,198,54,326,163,30,181,66,52,15,21,0,17,118,60,16,33,0
458,park-cemetery-etc-Queens,5,0,0,0,0,8,0,126,0,0,0,0,0,4,0,0,4,4,0,5,4,0,5,0,0,0,4,0,0,28,0,11,25,5,20,19,0,7,40,9,20,4,0,0
519,park-cemetery-etc-Staten Island,0,0,0,0,0,0,0,0,0,0,0,0,0,0,0,0,0,0,0,0,0,0,0,0,0,0,0,0,0,0,0,0,0,0,0,0,0,0,0,0,0,0,0,0
,,,,,,,,,,,,,,,,,,,,,,,,,,,,,,,,,,,,,,,,,,,,,
Table Details,,,,,,,,,,,,,,,,,,,,,,,,,,,,,,,,,,,,,,,,,,,,,
Region: New York City,,,,,,,,,,,,,,,,,,,,,,,,,,,,,,,,,,,,,,,,,,,,,
Overall Area: New York City,,,,,,,,,,,,,,,,,,,,,,,,,,,,,,,,,,,,,,,,,,,,,
Areas Compared: NTAs,,,,,,,,,,,,,,,,,,,,,,,,,,,,,,,,,,,,,,,,,,,,,
Data and Sources:,,,,,,,,,,,,,,,,,,,,,,,,,,,,,,,,,,,,,,,,,,,,,
"Persons 3 years and over enrolled in nursery school [  School Enrollment by Level of School ] 2013-2017  Amer. Community Survey 5-yr avg (w/Margins of Error) from American Community Survey, Census Bureau, US Commerce Dept",,,,,,,,,,,,,,,,,,,,,,,,,,,,,,,,,,,,,,,,,,,,,
"Persons 3 years and over enrolled in kindergarten [  School Enrollment by Level of School ] 2013-2017  Amer. Community Survey 5-yr avg (w/Margins of Error) from American Community Survey, Census Bureau, US Commerce Dept",,,,,,,,,,,,,,,,,,,,,,,,,,,,,,,,,,,,,,,,,,,,,
"Persons 3 years and over enrolled in grade 1-grade 4 [  School Enrollment by Level of School ] 2013-2017  Amer. Community Survey 5-yr avg (w/Margins of Error) from American Community Survey, Census Bureau, US Commerce Dept",,,,,,,,,,,,,,,,,,,,,,,,,,,,,,,,,,,,,,,,,,,,,
"Persons 3 years and over enrolled in grade 5-grade 8 [  School Enrollment by Level of School ] 2013-2017  Amer. Community Survey 5-yr avg (w/Margins of Error) from American Community Survey, Census Bureau, US Commerce Dept",,,,,,,,,,,,,,,,,,,,,,,,,,,,,,,,,,,,,,,,,,,,,
"Persons 3 years and over enrolled in grade 9-grade 12 [  School Enrollment by Level of School ] 2013-2017  Amer. Community Survey 5-yr avg (w/Margins of Error) from American Community Survey, Census Bureau, US Commerce Dept",,,,,,,,,,,,,,,,,,,,,,,,,,,,,,,,,,,,,,,,,,,,,
"Persons 3 years and over enrolled in college [  School Enrollment by Level of School ] 2013-2017  Amer. Community Survey 5-yr avg (w/Margins of Error) from American Community Survey, Census Bureau, US Commerce Dept",,,,,,,,,,,,,,,,,,,,,,,,,,,,,,,,,,,,,,,,,,,,,
"Persons 3 years and over graduate or professional school [  School Enrollment by Level of School ] 2013-2017  Amer. Community Survey 5-yr avg (w/Margins of Error) from American Community Survey, Census Bureau, US Commerce Dept",,,,,,,,,,,,,,,,,,,,,,,,,,,,,,,,,,,,,,,,,,,,,
"Persons 3 years and over not enrolled in school [  School Enrollment by Level of School ] 2013-2017  Amer. Community Survey 5-yr avg (w/Margins of Error) from American Community Survey, Census Bureau, US Commerce Dept",,,,,,,,,,,,,,,,,,,,,,,,,,,,,,,,,,,,,,,,,,,,,
"Families with income < $10,000 [ Family Income in the Past 12 Months ($2016) (Total) Family Income in Past 12 Months by Race/Ethnicity ] 2013-2017  Amer. Community Survey 5-yr avg (w/Margins of Error) from American Community Survey, Census Bureau, US Commerce Dept",,,,,,,,,,,,,,,,,,,,,,,,,,,,,,,,,,,,,,,,,,,,,
"Families with income between $10,000-$14,999 [ Family Income in the Past 12 Months ($2016) (Total) Family Income in Past 12 Months by Race/Ethnicity ] 2013-2017  Amer. Community Survey 5-yr avg (w/Margins of Error) from American Community Survey, Census Bureau, US Commerce Dept",,,,,,,,,,,,,,,,,,,,,,,,,,,,,,,,,,,,,,,,,,,,,
"Families with income between $15,000-$19,999 [ Family Income in the Past 12 Months ($2016) (Total) Family Income in Past 12 Months by Race/Ethnicity ] 2013-2017  Amer. Community Survey 5-yr avg (w/Margins of Error) from American Community Survey, Census Bureau, US Commerce Dept",,,,,,,,,,,,,,,,,,,,,,,,,,,,,,,,,,,,,,,,,,,,,
"Families with income between $20,000-$24,999 [ Family Income in the Past 12 Months ($2016) (Total) Family Income in Past 12 Months by Race/Ethnicity ] 2013-2017  Amer. Community Survey 5-yr avg (w/Margins of Error) from American Community Survey, Census Bureau, US Commerce Dept",,,,,,,,,,,,,,,,,,,,,,,,,,,,,,,,,,,,,,,,,,,,,
"Families with income between $25,000-$29,999 [ Family Income in the Past 12 Months ($2016) (Total) Family Income in Past 12 Months by Race/Ethnicity ] 2013-2017  Amer. Community Survey 5-yr avg (w/Margins of Error) from American Community Survey, Census Bureau, US Commerce Dept",,,,,,,,,,,,,,,,,,,,,,,,,,,,,,,,,,,,,,,,,,,,,
"Families with income between $30,000-$34,999 [ Family Income in the Past 12 Months ($2016) (Total) Family Income in Past 12 Months by Race/Ethnicity ] 2013-2017  Amer. Community Survey 5-yr avg (w/Margins of Error) from American Community Survey, Census Bureau, US Commerce Dept",,,,,,,,,,,,,,,,,,,,,,,,,,,,,,,,,,,,,,,,,,,,,
"Families with income between $35,000-$39,999 [ Family Income in the Past 12 Months ($2016) (Total) Family Income in Past 12 Months by Race/Ethnicity ] 2013-2017  Amer. Community Survey 5-yr avg (w/Margins of Error) from American Community Survey, Census Bureau, US Commerce Dept",,,,,,,,,,,,,,,,,,,,,,,,,,,,,,,,,,,,,,,,,,,,,
"Families with income between $40,000-$44,999 [ Family Income in the Past 12 Months ($2016) (Total) Family Income in Past 12 Months by Race/Ethnicity ] 2013-2017  Amer. Community Survey 5-yr avg (w/Margins of Error) from American Community Survey, Census Bureau, US Commerce Dept",,,,,,,,,,,,,,,,,,,,,,,,,,,,,,,,,,,,,,,,,,,,,
"Families with income between $45,000-$49,999 [ Family Income in the Past 12 Months ($2016) (Total) Family Income in Past 12 Months by Race/Ethnicity ] 2013-2017  Amer. Community Survey 5-yr avg (w/Margins of Error) from American Community Survey, Census Bureau, US Commerce Dept",,,,,,,,,,,,,,,,,,,,,,,,,,,,,,,,,,,,,,,,,,,,,
"Families with income between $50,000-$59,999 [ Family Income in the Past 12 Months ($2016) (Total) Family Income in Past 12 Months by Race/Ethnicity ] 2013-2017  Amer. Community Survey 5-yr avg (w/Margins of Error) from American Community Survey, Census Bureau, US Commerce Dept",,,,,,,,,,,,,,,,,,,,,,,,,,,,,,,,,,,,,,,,,,,,,
"Families with income between $60,000-$74,999 [ Family Income in the Past 12 Months ($2016) (Total) Family Income in Past 12 Months by Race/Ethnicity ] 2013-2017  Amer. Community Survey 5-yr avg (w/Margins of Error) from American Community Survey, Census Bureau, US Commerce Dept",,,,,,,,,,,,,,,,,,,,,,,,,,,,,,,,,,,,,,,,,,,,,
"Families with income between $75,000-$99,999 [ Family Income in the Past 12 Months ($2016) (Total) Family Income in Past 12 Months by Race/Ethnicity ] 2013-2017  Amer. Community Survey 5-yr avg (w/Margins of Error) from American Community Survey, Census Bureau, US Commerce Dept",,,,,,,,,,,,,,,,,,,,,,,,,,,,,,,,,,,,,,,,,,,,,
"Families with income between $100,000-$124,999 [ Family Income in the Past 12 Months ($2016) (Total) Family Income in Past 12 Months by Race/Ethnicity ] 2013-2017  Amer. Community Survey 5-yr avg (w/Margins of Error) from American Community Survey, Census Bureau, US Commerce Dept",,,,,,,,,,,,,,,,,,,,,,,,,,,,,,,,,,,,,,,,,,,,,
"Families with income between $125,000-$149,999 [ Family Income in the Past 12 Months ($2016) (Total) Family Income in Past 12 Months by Race/Ethnicity ] 2013-2017  Amer. Community Survey 5-yr avg (w/Margins of Error) from American Community Survey, Census Bureau, US Commerce Dept",,,,,,,,,,,,,,,,,,,,,,,,,,,,,,,,,,,,,,,,,,,,,
"Families with income between $150,000-$199,999 [ Family Income in the Past 12 Months ($2016) (Total) Family Income in Past 12 Months by Race/Ethnicity ] 2013-2017  Amer. Community Survey 5-yr avg (w/Margins of Error) from American Community Survey, Census Bureau, US Commerce Dept",,,,,,,,,,,,,,,,,,,,,,,,,,,,,,,,,,,,,,,,,,,,,
"Number of persons 25+ yrs in 7th grade [  Educational Attainment for the Population 25+ Yrs ] 2013-2017  Amer. Community Survey 5-yr avg (w/Margins of Error) from American Community Survey, Census Bureau, US Commerce Dept",,,,,,,,,,,,,,,,,,,,,,,,,,,,,,,,,,,,,,,,,,,,,
"Number of persons 25+ yrs in 8th grade [  Educational Attainment for the Population 25+ Yrs ] 2013-2017  Amer. Community Survey 5-yr avg (w/Margins of Error) from American Community Survey, Census Bureau, US Commerce Dept",,,,,,,,,,,,,,,,,,,,,,,,,,,,,,,,,,,,,,,,,,,,,
"Number of persons 25+ yrs in 9th grade [  Educational Attainment for the Population 25+ Yrs ] 2013-2017  Amer. Community Survey 5-yr avg (w/Margins of Error) from American Community Survey, Census Bureau, US Commerce Dept",,,,,,,,,,,,,,,,,,,,,,,,,,,,,,,,,,,,,,,,,,,,,
"Number of persons 25+ yrs in 10th grade [  Educational Attainment for the Population 25+ Yrs ] 2013-2017  Amer. Community Survey 5-yr avg (w/Margins of Error) from American Community Survey, Census Bureau, US Commerce Dept",,,,,,,,,,,,,,,,,,,,,,,,,,,,,,,,,,,,,,,,,,,,,
"Number of persons 25+ yrs in 11th grade [  Educational Attainment for the Population 25+ Yrs ] 2013-2017  Amer. Community Survey 5-yr avg (w/Margins of Error) from American Community Survey, Census Bureau, US Commerce Dept",,,,,,,,,,,,,,,,,,,,,,,,,,,,,,,,,,,,,,,,,,,,,
"Number of persons 25+ yrs in 12th grade, no diploma [  Educational Attainment for the Population 25+ Yrs ] 2013-2017  Amer. Community Survey 5-yr avg (w/Margins of Error) from American Community Survey, Census Bureau, US Commerce Dept",,,,,,,,,,,,,,,,,,,,,,,,,,,,,,,,,,,,,,,,,,,,,
"Number of persons 25+ yrs with regular high school diploma [  Educational Attainment for the Population 25+ Yrs ] 2013-2017  Amer. Community Survey 5-yr avg (w/Margins of Error) from American Community Survey, Census Bureau, US Commerce Dept",,,,,,,,,,,,,,,,,,,,,,,,,,,,,,,,,,,,,,,,,,,,,
"Number of persons 25+ yrs with GED or alternative credential [  Educational Attainment for the Population 25+ Yrs ] 2013-2017  Amer. Community Survey 5-yr avg (w/Margins of Error) from American Community Survey, Census Bureau, US Commerce Dept",,,,,,,,,,,,,,,,,,,,,,,,,,,,,,,,,,,,,,,,,,,,,
"Number of persons 25+ yrs with some college, less than 1 year [  Educational Attainment for the Population 25+ Yrs ] 2013-2017  Amer. Community Survey 5-yr avg (w/Margins of Error) from American Community Survey, Census Bureau, US Commerce Dept",,,,,,,,,,,,,,,,,,,,,,,,,,,,,,,,,,,,,,,,,,,,,
"Number of persons 25+ yrs with some college, 1 or more years, no degre [  Educational Attainment for the Population 25+ Yrs ] 2013-2017  Amer. Community Survey 5-yr avg (w/Margins of Error) from American Community Survey, Census Bureau, US Commerce Dept",,,,,,,,,,,,,,,,,,,,,,,,,,,,,,,,,,,,,,,,,,,,,
"Number of persons 25+ yrs with associate's degree [  Educational Attainment for the Population 25+ Yrs ] 2013-2017  Amer. Community Survey 5-yr avg (w/Margins of Error) from American Community Survey, Census Bureau, US Commerce Dept",,,,,,,,,,,,,,,,,,,,,,,,,,,,,,,,,,,,,,,,,,,,,
"Number of persons 25+ yrs with bachelor's degree [  Educational Attainment for the Population 25+ Yrs ] 2013-2017  Amer. Community Survey 5-yr avg (w/Margins of Error) from American Community Survey, Census Bureau, US Commerce Dept",,,,,,,,,,,,,,,,,,,,,,,,,,,,,,,,,,,,,,,,,,,,,
"Number of persons 25+ yrs with master's degree [  Educational Attainment for the Population 25+ Yrs ] 2013-2017  Amer. Community Survey 5-yr avg (w/Margins of Error) from American Community Survey, Census Bureau, US Commerce Dept",,,,,,,,,,,,,,,,,,,,,,,,,,,,,,,,,,,,,,,,,,,,,
"Number of persons 25+ yrs with professional school degree [  Educational Attainment for the Population 25+ Yrs ] 2013-2017  Amer. Community Survey 5-yr avg (w/Margins of Error) from American Community Survey, Census Bureau, US Commerce Dept",,,,,,,,,,,,,,,,,,,,,,,,,,,,,,,,,,,,,,,,,,,,,
"Number of persons 25+ yrs with doctorate degree [  Educational Attainment for the Population 25+ Yrs ] 2013-2017  Amer. Community Survey 5-yr avg (w/Margins of Error) from American Community Survey, Census Bureau, US Commerce Dept",,,,,,,,,,,,,,,,,,,,,,,,,,,,,,,,,,,,,,,,,,,,,
"Workers 16+ years in management, business, science,arts occupations [  Occupation ] 2013-2017  Amer. Community Survey 5-yr avg (w/Margins of Error) from American Community Survey, Census Bureau, US Commerce Dept",,,,,,,,,,,,,,,,,,,,,,,,,,,,,,,,,,,,,,,,,,,,,
"Workers 16 years and over in service occupations [  Occupation ] 2013-2017  Amer. Community Survey 5-yr avg (w/Margins of Error) from American Community Survey, Census Bureau, US Commerce Dept",,,,,,,,,,,,,,,,,,,,,,,,,,,,,,,,,,,,,,,,,,,,,
"Workers 16 years and over in sales and office occupations [  Occupation ] 2013-2017  Amer. Community Survey 5-yr avg (w/Margins of Error) from American Community Survey, Census Bureau, US Commerce Dept",,,,,,,,,,,,,,,,,,,,,,,,,,,,,,,,,,,,,,,,,,,,,
"Workers 16+ years in natural resources, construction, maint occupation [  Occupation ] 2013-2017  Amer. Community Survey 5-yr avg (w/Margins of Error) from American Community Survey, Census Bureau, US Commerce Dept",,,,,,,,,,,,,,,,,,,,,,,,,,,,,,,,,,,,,,,,,,,,,
"Workers 16 years and over in production, transport, material moving [  Occupation ] 2013-2017  Amer. Community Survey 5-yr avg (w/Margins of Error) from American Community Survey, Census Bureau, US Commerce Dept",,,,,,,,,,,,,,,,,,,,,,,,,,,,,,,,,,,,,,,,,,,,,
"Workers 16 years and over in armed forces [  Occupation ] 2013-2017  Amer. Community Survey 5-yr avg (w/Margins of Error) from American Community Survey, Census Bureau, US Commerce Dept",,,,,,,,,,,,,,,,,,,,,,,,,,,,,,,,,,,,,,,,,,,,,
